id,jer_sent,ela_sent,kra_sent,geo_sent,jer_lines,ela_lines,kra_lines,geo_lines,location,rating
S01E01,0.0626,0.0265,-0.0468,0.0638,250,53,7,98,"['Monk’s Café', 'The Improv', 'Jerry’s Apartment', 'Monk’s Café', 'MICHIGAN', 'Queens', 'Queens']",7.6
S01E02,0.0182,0.0638,0.1067,0.0573,110,57,18,68,"['Monk’s Café', 'The Improv', 'Jerry’s Apartment', 'MARYLAND', 'MARYLAND', 'MASSACHUSETTS', 'CONNECTICUT']",7.7
S01E03,0.0354,0.0053,0.0388,-0.0078,102,19,24,51,"['The Improv', 'Jerry’s Apartment', 'Monk’s Café', 'UNITED KINGDOM']",7.6
S01E04,0.0412,-0.0092,0.0205,-0.017,102,29,18,44,"['The Improv', 'Jerry’s Apartment', 'Monk’s Café', '4 Pennsylvania Pl', 'EUROPE', 'GERMANY']",7.4
S02E01,0.0212,0.0037,0.0809,0.0116,107,23,37,55,"['The Improv', 'Jerry’s Apartment', 'Monk’s Café', 'George’s Apartment', 'Elaine’s Apartment']",7.7
S02E02,0.0167,-0.0273,0.006999999999999999,-0.11800000000000001,90,31,23,12,"['The Improv', 'Jerry’s Apartment', 'Monk’s Café', 'Pines Of Mar Gables', 'Kramer’s Apartment', 'Central Park', 'NEW YORK', 'FLORIDA', 'Brooklyn', 'ARIZONA', 'NEW JERSEY']",8.0
S02E03,-0.0323,0.0384,0.0981,0.002,97,33,35,53,"['Monk’s Café', 'The Improv', 'Jerry’s Apartment', 'SOUTH KOREA', 'Pendant Publishing', 'MARYLAND']",8.4
S02E04,0.0737,0.1449,0.1126,0.0179,92,15,9,89,"['The Improv', 'Jerry’s Apartment', 'Monk’s Café', '350 Fifth Ave', 'UNITED KINGDOM', 'Long Island']",8.5
S02E05,0.0406,0.0201,0.0763,-0.0055,102,51,29,43,"['The Improv', 'Jerry’s Apartment', 'Monk’s Café', 'PENNSYLVANIA', 'MICHIGAN', 'NORWAY', '4 Pennsylvania Pl']",7.9
S02E06,0.0695,0.0408,0.0087,-0.018000000000000002,87,41,30,56,"['The Improv', 'Jerry’s Apartment', 'Monk’s Café', 'Pines Of Mar Gables', 'CALIFORNIA', 'Pendant Publishing']",8.1
S02E07,0.0575,0.0363,-0.0011,0.0547,83,22,32,83,"['Monk’s Café', 'The Improv', 'Jerry’s Apartment', 'NEW YORK']",8.4
S02E08,0.0494,-0.0241,0.0324,0.0484,60,18,18,59,"['The Improv', 'Jerry’s Apartment', 'Monk’s Café', 'Brooklyn', 'OHIO', 'TEXAS']",8.0
S02E09,0.0307,0.0781,0.1167,0.0187,134,82,19,52,"['The Improv', 'Jerry’s Apartment', 'Monk’s Café', 'NEW YORK', 'Elaine’s Apartment', 'VERMONT']",8.3
S02E10,0.0103,-0.0011,0.0186,-0.0247,75,40,29,43,"['The Improv', 'Jerry’s Apartment', 'Monk’s Café', 'MASSACHUSETTS', 'Brooklyn', 'Elaine’s Apartment', 'CONNECTICUT', 'NEW YORK', 'Queens', 'MASSACHUSETTS', 'NEW JERSEY', 'Jerry’s Apartment', 'MASSACHUSETTS']",7.6
S02E11,0.0396,0.01,,0.0178,75,60,0,48,"['Jerry’s Apartment', 'Monk’s Café', 'The Improv', '323 Fifth Ave', 'MASSACHUSETTS', 'Long Island', 'Florida', 'Pines Of Mar Gables', 'Long Island', 'Florida']",8.7
S02E12,-0.0169,-0.0233,-0.0059,0.0342,57,50,23,49,"['The Improv', 'Jerry’s Apartment', 'Monk’s Café', 'WASHINGTON', 'WASHINGTON', 'Queens', 'ILLINOIS', 'TEXAS', 'Elaine’s Apartment']",7.8
S03E01,0.0371,-0.0103,0.1109,0.017,108,45,24,91,"['The Improv', 'Jerry’s Apartment', 'Monk’s Café', 'WASHINGTON', 'WASHINGTON', 'Queens', 'ILLINOIS', 'TEXAS', 'Elaine’s Apartment']",8.3
S03E02,0.0548,0.053,0.081,0.0364,78,52,32,68,"['The Improv', 'Jerry’s Apartment', 'Monk’s Café', 'PENNSYLVANIA', 'SOUTH KOREA']",7.8
S03E03,0.0531,0.0348,,,107,41,0,0,"['The Improv', 'Jerry’s Apartment', 'Monk’s Café', 'Elaine’s Apartment', 'Queens', 'AFRICA']",8.3
S03E04,-0.0226,0.0895,0.0731,0.0298,93,68,21,53,"['Jerry’s Apartment', 'Monk’s Café', 'The Improv', 'Pines Of Mar Gables', 'FLORIDA']",7.3
S03E05,0.0313,-0.07200000000000001,0.0401,0.0068,74,26,33,37,"['The Improv', 'Jerry’s Apartment', 'Monk’s Café', 'ILLINOIS', 'ILLINOIS']",8.7
S03E06,0.0244,0.0131,-0.0182,0.0224,73,59,51,65,"['The Improv', 'Jerry’s Apartment', 'Monk’s Café', 'Pendant Publishing', 'Bronx', 'Long Island', 'Kramer’s Apartment', 'Brooklyn']",8.9
S03E07,0.0632,0.0305,-0.0,0.047,92,80,30,77,"['Monk’s Café', 'The Improv', 'Jerry’s Apartment', 'NEW JERSEY', 'George’s Apartment', 'EUROPE', 'ILLINOIS', 'CHINA']",8.5
S03E08,0.0306,0.0808,0.0185,0.0414,107,49,45,99,"['Monk’s Café', 'The Improv', 'Jerry’s Apartment', 'Queens']",8.8
S03E09,0.0836,0.0879,0.0989,0.1087,47,41,35,69,"['China', 'The Improv', 'Jerry’s Apartment', 'China', 'Monk’s Café', 'CHINA', 'ITALY', 'Elaine’s Apartment', 'UNITED KINGDOM']",8.1
S03E10,0.0605,0.0542,0.0684,0.0426,121,34,14,76,"['The Improv', 'Jerry’s Apartment', 'Monk’s Café', 'UNITED KINGDOM', 'MARYLAND', 'CALIFORNIA', 'Elaine’s Apartment', 'Long Island', 'HAWAII']",7.6
S03E11,0.051,0.0572,0.0324,-0.01,113,59,50,40,"['Monk’s Café', 'The Improv', 'Jerry’s Apartment', 'NEW JERSEY', 'NEW YORK', 'Long Island', 'Pendant Publishing', 'Long Island', 'EUROPE']",8.4
S03E12,0.052000000000000005,0.0001,0.0399,0.0547,90,60,8,86,"['The Improv', 'Jerry’s Apartment', 'Monk’s Café']",8.5
S03E13,0.0282,0.0302,0.0957,-0.0321,33,24,16,41,"['The Improv', 'Jerry’s Apartment', 'Monk’s Café', 'Pendant Publishing', 'Liberty Island', 'France', 'FRANCE', 'Greenwich Village']",8.8
S03E14,0.064,0.0746,0.08,0.0672,79,36,27,75,"['The Improv', 'Jerry’s Apartment', 'Monk’s Café', 'Brooklyn', 'Brooklyn', 'Brooklyn']",8.5
S03E15,0.0261,-0.0222,0.0857,0.0258,111,26,46,55,"['The Improv', 'Jerry’s Apartment', 'Monk’s Café', 'CALIFORNIA']",7.7
S03E16,0.0909,0.0352,-0.0208,0.0361,99,80,16,69,"['Monk’s Café', 'The Improv', 'Jerry’s Apartment', 'Greenwich Village']",8.5
S03E17,0.0461,0.0192,0.0474,0.0312,114,44,35,63,"['Monk’s Café', 'The Improv', 'Jerry’s Apartment', 'Elaine’s Apartment', 'NEW JERSEY', 'George’s Apartment']",8.9
S03E18,0.1077,0.0799,0.0938,0.0762,53,34,32,44,"['The Improv', 'Jerry’s Apartment', 'Monk’s Café', '5 W. 63rd St', 'Queens', 'Elaine’s Apartment', 'TENNESSEE']",8.7
S03E19,0.0159,0.0158,0.013999999999999999,0.0371,68,31,30,84,"['Jerry’s Apartment', 'Monk’s Café', 'The Improv', 'Queens', 'Queens', 'ILLINOIS', '4 Pennsylvania Pl', 'Queens', '4 Pennsylvania Pl']",9.0
S03E20,0.0415,0.048,0.0542,0.0584,107,77,28,58,"['Monk’s Café', 'The Improv', 'Jerry’s Apartment', 'Elaine’s Apartment', 'Queens', 'UNITED KINGDOM', 'SWITZERLAND', 'NEW YORK', 'George’s Apartment']",8.1
S03E21,0.0869,0.0568,0.1364,0.0638,65,54,32,55,"['Monk’s Café', 'The Improv', 'Jerry’s Apartment', 'Yankee Stadium', 'MARYLAND', 'PENNSYLVANIA', 'MARYLAND', 'Pendant Publishing', 'TEXAS', 'SWEDEN']",8.0
S03E22,0.0382,0.0252,0.0564,0.0428,85,63,58,96,"['Monk’s Café', 'The Improv', 'Jerry’s Apartment', 'NEW YORK']",8.4
S03E23,-0.0157,0.0126,0.0546,0.0014,84,33,56,62,"['The Improv', 'Jerry’s Apartment', 'California', 'Monk’s Café', 'CALIFORNIA', 'Elaine’s Apartment', 'CALIFORNIA', 'CALIFORNIA', 'CALIFORNIA']",8.5
S04E01,0.0909,,0.1871,0.095,62,0,38,79,"['Jerry’s Apartment', 'Monk’s Café', 'SPAIN', 'SPAIN', 'SPAIN', 'ARIZONA', 'SPAIN', 'SPAIN', 'SPAIN', 'SPAIN', 'SOUTH KOREA', 'GREECE', 'GREECE', 'SPAIN']",8.2
S04E02,0.0248,,0.081,0.006999999999999999,90,0,34,83,"['The Improv', 'Jerry’s Apartment', 'Monk’s Café', 'CALIFORNIA', 'CALIFORNIA', 'CALIFORNIA', 'CALIFORNIA', 'Queens', 'ILLINOIS', 'Liberty Island', 'CALIFORNIA', 'CALIFORNIA', 'CALIFORNIA', 'CALIFORNIA', 'CALIFORNIA', 'CALIFORNIA', 'CALIFORNIA', 'MASSACHUSETTS', 'CALIFORNIA', 'CALIFORNIA', 'UNITED KINGDOM', 'CALIFORNIA', 'CALIFORNIA', 'CALIFORNIA', 'CALIFORNIA', 'CALIFORNIA']",8.4
S04E03,0.0681,0.0911,0.0015,0.0483,151,3,38,100,"['The Improv', 'Jerry’s Apartment', 'Monk’s Café', 'PENNSYLVANIA', 'UNITED KINGDOM', 'NEW JERSEY', '30 Rockefeller Pl', 'FRANCE', 'Kramer’s Apartment', 'NEW YORK', 'ITALY', 'NEVADA']",8.7
S04E04,0.0558,0.0911,-0.02,0.069,110,3,60,81,"['The Improv', 'Jerry’s Apartment', 'Monk’s Café', 'PENNSYLVANIA', 'UNITED KINGDOM', 'NEW JERSEY', '30 Rockefeller Pl', 'FRANCE', 'Kramer’s Apartment', 'NEW YORK', 'ITALY', 'NEVADA']",8.4
S04E05,0.0093,0.0464,0.0674,0.069,91,45,36,36,"['Monk’s Café', 'The Improv', 'Jerry’s Apartment', 'Queens', 'Queens', 'Kramer’s Apartment', 'FLORIDA', 'CALIFORNIA', '75 W. 68th St']",8.1
S04E06,0.0438,0.0767,0.1757,0.0933,72,29,47,51,"['Monk’s Café', 'The Improv', 'Jerry’s Apartment', '75 W. 68th St', 'Kramer’s Apartment', '1125 Park Ave', 'The Chicken Roaster']",8.2
S04E07,0.0542,0.0412,0.0798,0.0306,100,46,24,68,"['The Improv', 'Jerry’s Apartment', 'Monk’s Café', 'NEW YORK', 'NEW YORK', 'NEW YORK', 'Queens', 'NEW YORK', 'NEW YORK', 'NEW YORK', 'SPAIN', 'NEW YORK']",8.8
S04E08,0.0467,0.0206,0.1336,0.0725,102,27,27,88,"['The Improv', 'Jerry’s Apartment', 'Monk’s Café', 'Pendant Publishing', 'NEW YORK', '24 Fifth Ave', 'NEW YORK']",8.6
S04E09,0.0115,0.0415,0.10800000000000001,0.1138,94,48,55,36,"['Monk’s Café', 'The Improv', 'Jerry’s Apartment', '30 Rockefeller Pl', 'ITALY', 'Central Park', 'Queens', 'PENNSYLVANIA']",8.3
S04E10,0.0196,0.0539,0.0008,0.019,118,24,34,76,"['The Improv', 'Jerry’s Apartment', 'Monk’s Café', 'GERMANY', '30 Rockefeller Pl', 'CALIFORNIA', 'MARYLAND', 'Kramer’s Apartment']",8.3
S04E11,0.0744,0.009000000000000001,0.079,0.0386,91,66,29,77,"['The Improv', 'Jerry’s Apartment', 'Monk’s Café', 'Costanza House', '4 Pennsylvania Pl', 'ILLINOIS', '24 E. 13th St', 'George’s Apartment', 'Elaine’s Apartment', 'Kramer’s Apartment']",9.6
S04E12,0.0998,0.0486,0.0645,0.043,53,50,33,37,"['Monk’s Café', 'The Improv', 'Jerry’s Apartment', 'MISSOURI', 'MISSOURI', 'MISSOURI', 'Queens', 'HAWAII', 'Queens', 'Long Island', 'ITALY', 'CALIFORNIA']",9.0
S04E13,0.0444,0.0264,0.0444,0.0595,79,46,50,50,"['The Improv', 'Jerry’s Apartment', 'Monk’s Café', 'George’s Apartment', 'Kramer’s Apartment', 'Elaine’s Apartment', 'Pendant Publishing']",8.6
S04E14,0.005,-0.0166,0.1115,0.10099999999999999,35,56,15,43,"['Jerry’s Apartment', 'Monk’s Café', 'The Improv', '2310 Broadway', 'The Butter Shave', 'Brooklyn', 'Brooklyn', 'ITALY', 'BELARUS']",8.2
S04E15,0.1004,0.121,0.0905,0.0717,102,59,18,57,"['The Improv', 'Jerry’s Apartment', 'Monk’s Café', 'FLORIDA', 'Liberty Island']",8.2
S04E16,0.071,0.0232,0.0964,0.0775,88,36,23,57,"['The Improv', 'Jerry’s Apartment', 'Monk’s Café', '5 W. 63rd St', '1125 Park Ave', 'The Chicken Roaster', '350 Fifth Ave']",8.3
S04E17,0.0105,0.0008,-0.0247,0.0052,64,16,12,66,"['The Improv', 'Jerry’s Apartment', 'Monk’s Café', 'GERMANY', 'Bronx', 'Pines Of Mar Gables', '1000 Tenth Ave', 'Costanza House']",9.4
S04E18,0.0741,0.0798,0.0188,0.1034,62,28,34,34,"['The Improv', 'Jerry’s Apartment', 'Monk’s Café', 'FLORIDA', 'SOUTH AMERICA']",8.2
S04E19,0.057,0.0035,0.0723,-0.0011,77,44,35,34,"['Monk’s Café', 'The Improv', 'Jerry’s Apartment', 'RUSSIA', '24 E. 13th St', 'CALIFORNIA', 'MICHIGAN', 'CALIFORNIA', 'Queens', 'MICHIGAN']",8.7
S04E20,0.0581,0.0692,0.1016,0.0729,144,42,58,68,"['The Improv', 'Jerry’s Apartment', 'Monk’s Café', 'NEW YORK', 'Brooklyn', 'Kramer’s Apartment', '1000 Tenth Ave', 'PENNSYLVANIA', 'George’s Apartment']",8.8
S04E21,-0.0225,-0.0106,0.1296,0.0716,65,35,13,57,"['The Improv', 'Jerry’s Apartment', 'Monk’s Café', 'ITALY', 'BELARUS']",8.5
S04E22,0.1113,0.1121,0.0856,0.0061,81,58,51,73,"['Monk’s Café', 'The Improv', 'Jerry’s Apartment', 'Long Island', 'Costanza House', 'Long Island', 'Long Island', 'ILLINOIS']",8.4
S04E23,0.0479,0.0261,0.1081,0.0165,87,44,31,50,"['The Improv', 'Jerry’s Apartment', 'Monk’s Café', '30 Rockefeller Pl', 'Central Park', 'Monk’s Café', 'NEW JERSEY', 'PENNSYLVANIA', 'Pines Of Mar Gables', 'Long Island', 'NEW YORK', 'Newman’s Apartment', 'Pendant Publishing']",8.7
S04E24,0.042,0.0949,-0.0395,0.0628,76,28,12,44,"['The Improv', 'Jerry’s Apartment', 'Monk’s Café', '30 Rockefeller Pl', 'Central Park', 'Monk’s Café', 'NEW JERSEY', 'PENNSYLVANIA', 'Pines Of Mar Gables', 'Long Island', 'NEW YORK', 'Newman’s Apartment', 'Pendant Publishing']",8.7
S05E01,0.0452,0.0057,0.0797,0.0715,133,69,47,64,"['The Improv', 'Jerry’s Apartment', 'Monk’s Café', 'Pendant Publishing', '75 W. 68th St', '182 Columbus Ave', 'Elaine’s Apartment', 'Queens']",8.7
S05E02,0.07,0.1415,0.1533,0.0304,71,25,48,67,"['Monk’s Café', 'The Improv', 'Jerry’s Apartment', 'Kramer’s Apartment', 'Costanza House', '182 Columbus Ave', 'NEW JERSEY', '30 Rockefeller Pl', 'Central Park']",9.0
S05E03,0.03,-0.033,0.0494,0.0706,96,47,39,72,"['Monk’s Café', 'The Improv', 'Jerry’s Apartment', '1000 Tenth Ave', 'NEW YORK', 'NEW YORK', 'NEW YORK', '24 E. 13th St']",8.5
S05E04,0.0246,0.10400000000000001,0.0816,0.113,80,61,49,32,"['The Improv', 'Jerry’s Apartment', 'Monk’s Café', 'Costanza House', 'Elaine’s Apartment', 'SOUTH AMERICA', 'Pendant Publishing']",8.2
S05E05,0.0325,0.0763,-0.004,0.0564,70,44,46,43,"['Monk’s Café', 'The Improv', 'Jerry’s Apartment', '1000 Tenth Ave']",8.2
S05E06,0.086,0.0626,0.1225,0.0663,79,33,42,75,"['The Improv', 'Jerry’s Apartment', 'Monk’s Café', 'Queens', 'France', 'Pendant Publishing', '323 Fifth Ave', '4 Pennsylvania Pl']",8.6
S05E07,0.0507,0.0484,0.0875,0.07200000000000001,74,63,47,55,"['Monk’s Café', 'The Improv', 'Jerry’s Apartment', 'Queens', 'Costanza House', 'Pendant Publishing']",8.6
S05E08,0.0374,0.0871,0.0307,0.1324,76,27,35,51,"['The Improv', 'Jerry’s Apartment', 'Monk’s Café', 'Queens']",8.4
S05E09,0.0502,0.0739,0.0246,0.0722,97,57,29,64,"['The Improv', 'Jerry’s Apartment', 'Monk’s Café', 'Pendant Publishing', '75 W. 68th St', '323 Fifth Ave', 'Elaine’s Apartment', 'NEW JERSEY', 'SWEDEN']",7.9
S05E10,0.0792,0.0359,0.1242,0.0813,80,60,37,44,"['Monk’s Café', 'The Improv', 'Jerry’s Apartment', 'Costanza House', 'Queens', 'Queens', 'Elaine’s Apartment', '4 Pennsylvania Pl', 'Pendant Publishing', 'Pendant Publishing']",8.5
S05E11,0.0237,0.0824,0.0724,0.0533,76,38,34,60,"['The Improv', 'Jerry’s Apartment', 'Monk’s Café', '75 W. 68th St', 'Newman’s Apartment', 'Brooklyn', 'Elaine’s Apartment', 'Costanza House', 'Brooklyn', 'Elaine’s Apartment', 'Kramer’s Apartment', 'Central Park']",8.2
S05E12,0.0577,0.0543,0.0429,0.1149,94,80,56,48,"['The Improv', 'Jerry’s Apartment', 'Monk’s Café', 'CALIFORNIA', 'Elaine’s Apartment', '5 W. 63rd St']",8.7
S05E13,0.0525,0.0263,0.0492,0.0094,75,92,59,80,"['Monk’s Café', 'The Improv', 'Jerry’s Apartment', '237 W. 72nd St']",8.4
S05E14,0.102,0.1034,0.0881,0.0912,106,75,33,53,"['The Improv', 'Jerry’s Apartment', 'Monk’s Café', 'Queens', 'Queens', 'Queens', 'Costanza House', 'RUSSIA', 'Kramer’s Apartment', 'MASSACHUSETTS']",9.3
S05E15,0.0454,0.0047,0.0722,0.0131,77,45,36,53,"['The Improv', 'Jerry’s Apartment', 'Monk’s Café', 'EUROPE', 'Pendant Publishing', '182 Columbus Ave', 'ILLINOIS']",8.6
S05E17,0.0812,0.1009,0.0437,0.0148,91,58,24,25,"['The Improv', 'Jerry’s Apartment', 'Monk’s Café', '24 E. 13th St', 'Central Park', 'Pines Of Mar Gables']",8.1
S05E18,0.0499,0.1047,0.057,0.0882,149,44,72,100,"['The Improv', 'Jerry’s Apartment', 'Monk’s Café', 'FRANCE', 'FLORIDA', 'Costanza House', 'Elaine’s Apartment', 'FRANCE', 'Pines Of Mar Gables', 'Pendant Publishing', 'Central Park', '1987 Broadway', 'Queens']",8.5
S05E20,0.0684,0.0904,0.1626,0.0614,71,26,34,54,"['The Improv', 'Jerry’s Apartment', 'Monk’s Café', 'Pendant Publishing', 'Costanza House', 'FLORIDA']",8.7
S05E21,0.0215,0.1509,0.0797,0.0711,79,48,38,67,"['Jerry’s Apartment', 'Monk’s Café', 'The Improv', 'Long Island', 'Long Island', 'Long Island', 'FLORIDA', 'Long Island', 'Long Island', 'Long Island']",9.1
S05E22,0.0501,0.0325,0.1033,0.1014,65,60,24,43,"['The Improv', 'Jerry’s Apartment', 'Monk’s Café', 'CALIFORNIA', 'Pendant Publishing', '1987 Broadway', 'Yankee Stadium', 'Elaine’s Apartment', 'CANADA', 'Costanza House', 'George’s Apartment']",9.6
S06E01,0.0344,0.1267,0.0141,0.03,67,39,42,41,"['The Improv', 'Jerry’s Apartment', 'Monk’s Café', 'Yankee Stadium', 'CONNECTICUT', 'Rhode Island', 'Rhode Island', 'NEW JERSEY', 'Rhode Island', 'TEXAS', 'Rhode Island', '1535 Broadway', 'Rhode Island', '640 West End Ave', 'NEW JERSEY']",8.1
S06E02,-0.0009,0.064,0.013000000000000001,0.0945,89,59,27,40,"['The Improv', 'Jerry’s Apartment', 'Monk’s Café', 'Newman’s Apartment', 'Bronx', 'CALIFORNIA', 'NEW JERSEY', 'California', 'NEW JERSEY']",8.3
S06E03,0.0817,0.0595,0.1083,0.0619,97,53,39,36,"['The Improv', 'Jerry’s Apartment', 'Monk’s Café', '640 West End Ave', 'Yankee Stadium', 'CALIFORNIA']",8.3
S06E04,0.0308,0.0252,0.028999999999999998,0.0184,91,69,43,39,"['The Improv', 'Jerry’s Apartment', 'Monk’s Café', 'CHINA', 'China', 'Elaine’s Apartment', 'Queens', 'Queens', 'Brooklyn', 'Costanza House', 'Long Island', 'Queens', 'Kramer’s Apartment']",8.3
S06E05,0.0779,0.0865,0.083,0.0839,77,56,37,41,"['The Improv', 'Jerry’s Apartment', 'Monk’s Café', 'ITALY', 'George’s Apartment', '525 E. 68th St', 'CANADA', 'Elaine’s Apartment']",8.2
S06E06,0.05,0.052000000000000005,0.0632,0.0548,81,44,46,42,"['The Improv', 'Jerry’s Apartment', 'Monk’s Café', '640 West End Ave', 'Pendant Publishing', 'Kramer’s Apartment', '4 Pennsylvania Pl']",8.3
S06E07,0.0466,0.1149,0.0887,0.0655,133,51,38,68,"['The Improv', 'Jerry’s Apartment', 'Monk’s Café', 'UNITED KINGDOM', 'Kramer’s Apartment', 'Central Park', 'NEW YORK', 'Monk’s Café', '1000 Third Ave', 'Monk’s Café']",8.3
S06E08,0.051,0.0422,0.027000000000000003,0.0619,76,31,46,54,"['Monk’s Café', 'The Improv', 'Jerry’s Apartment', '640 West End Ave', '350 Fifth Ave', 'NEW JERSEY', 'TEXAS', 'Yankee Stadium', 'NEW JERSEY']",8.2
S06E09,0.062,0.1216,0.0851,0.1256,92,44,51,45,"['The Improv', 'Jerry’s Apartment', 'Monk’s Café', 'Pines Of Mar Gables', 'Yankee Stadium', 'CALIFORNIA', 'TEXAS', '2310 Broadway', 'OHIO']",8.2
S06E10,0.0423,0.1009,0.1064,0.0945,62,45,30,50,"['The Improv', 'Jerry’s Apartment', 'Monk’s Café', '350 Fifth Ave', 'Elaine’s Apartment', 'CHINA', 'Cuba', 'CUBA', 'China', 'Yankee Stadium', 'Cuba', 'Bronx', 'Monk’s Café', 'Cuba', 'HAWAII', 'CUBA']",9.0
S06E11,0.0661,0.0185,0.0256,0.0868,74,51,41,81,"['The Improv', 'Jerry’s Apartment', 'Monk’s Café', 'MARYLAND', 'Newman’s Apartment']",9.0
S06E12,0.1169,0.1274,0.0513,0.1182,112,42,28,72,"['The Improv', 'Jerry’s Apartment', 'Monk’s Café', 'FLORIDA', 'CANADA', 'SWITZERLAND', 'AFRICA', 'FLORIDA', 'SOUTH AMERICA', 'EUROPE']",8.7
S06E13,0.0367,0.0099,0.0855,0.0575,77,41,42,93,"['The Improv', 'Jerry’s Apartment', 'Monk’s Café', 'Elaine’s Apartment', 'Monk’s Café', 'FLORIDA', '1535 Broadway']",8.2
S06E16,0.0469,0.0802,0.0636,0.1123,91,72,38,51,"['The Improv', 'Jerry’s Apartment', 'Monk’s Café', 'NEVADA']",8.4
S06E17,0.1005,0.0206,0.0138,0.0746,124,54,48,47,"['The Improv', 'Jerry’s Apartment', 'Monk’s Café', 'SPAIN', 'Pines Of Mar Gables', 'NEW YORK', 'Kramer’s Apartment']",8.3
S06E18,0.06,0.0319,0.0599,0.0351,63,47,48,41,"['George’s Apartment', 'The Improv', 'Jerry’s Apartment', 'Monk’s Café', '640 West End Ave', 'GERMANY', 'George’s Apartment', 'Greenwich Village', 'UNITED KINGDOM']",8.4
S06E19,0.0126,0.0457,0.0602,0.0294,67,57,67,49,"['The Improv', 'Jerry’s Apartment', 'Monk’s Café', '24 E. 13th St', 'Yankee Stadium', '1535 Broadway']",9.0
S06E20,0.0086,0.0763,0.0719,0.0753,88,73,37,52,"['The Improv', 'Jerry’s Apartment', 'Monk’s Café', '1120 Sixth Ave.', 'Pines Of Mar Gables', 'Elaine’s Apartment', 'Newman’s Apartment']",8.4
S06E21,0.0557,0.0871,0.0727,0.0466,82,51,42,54,"['The Improv', 'Jerry’s Apartment', 'Monk’s Café', 'Elaine’s Apartment', 'George’s Apartment', '525 E. 68th St', 'Costanza House']",8.8
S06E22,-0.0251,-0.0005,0.0861,0.1458,57,30,31,33,"['The Improv', 'Jerry’s Apartment', 'Monk’s Café', 'NEW YORK', '640 West End Ave', 'Yankee Stadium', 'CALIFORNIA', 'TEXAS', 'MICHIGAN', 'WASHINGTON', 'Long Island', 'Long Island', 'Queens', 'PENNSYLVANIA', 'MASSACHUSETTS', 'OHIO', 'ARIZONA', 'MISSOURI', 'WASHINGTON', 'MEXICO', 'NEW YORK', 'NEW YORK', 'Newman’s Apartment', 'MARYLAND', 'PENNSYLVANIA', 'NEW YORK', 'NEW YORK']",8.2
S06E23,0.0549,0.0169,0.0769,0.1254,84,51,52,42,"['The Improv', 'Jerry’s Apartment', 'Monk’s Café', 'ITALY', 'Elaine’s Apartment', 'NEW JERSEY', '4 Pennsylvania Pl']",8.5
S06E24,0.0351,0.1077,0.0864,-0.0069,50,39,36,16,"['The Improv', 'Jerry’s Apartment', 'Monk’s Café', 'Central Park', 'The Improv', 'SOUTH KOREA', '525 E. 68th St', 'ITALY', 'ITALY', 'BELARUS', 'BELARUS']",8.1
S07E01,0.0624,0.0014,0.0387,0.1193,84,40,42,75,"['The Improv', 'Jerry’s Apartment', 'Monk’s Café', 'George’s Apartment', 'Elaine’s Apartment', 'Newman’s Apartment', 'CALIFORNIA', 'Costanza House', '1987 Broadway', 'NEW YORK', 'MARYLAND', 'Central Park', 'Brooklyn', 'HAWAII', 'Kramer’s Apartment']",8.7
S07E02,0.07400000000000001,0.1456,-0.0056,0.013999999999999999,94,58,29,67,"['The Improv', 'Jerry’s Apartment', 'Monk’s Café', 'Elaine’s Apartment', 'Yankee Stadium', 'George’s Apartment', '1987 Broadway']",8.4
S07E03,0.0426,0.0681,0.0764,0.0568,90,42,70,60,"['Tuscany', 'The Improv', 'Jerry’s Apartment', 'Tuscany', 'Monk’s Café', 'Tuscany', '1120 Sixth Ave.', 'ITALY', 'FRANCE', 'Tuscany', 'Tuscany', 'Elaine’s Apartment']",8.2
S07E04,0.0403,-0.0051,0.0969,0.0238,65,65,51,51,"['The Improv', 'Jerry’s Apartment', 'Monk’s Café', 'Elaine’s Apartment', 'Yankee Stadium', 'Kramer’s Apartment', '1000 Tenth Ave', 'EUROPE']",8.7
S07E05,0.024,-0.0033,0.091,-0.0253,89,49,28,37,"['The Improv', 'Jerry’s Apartment', 'Monk’s Café', 'NORWAY', 'Pendant Publishing', 'SPAIN', 'Yankee Stadium', 'Kramer’s Apartment', 'OHIO', 'TEXAS', 'SWEDEN', 'J. Peterman', 'China', 'Elaine’s Apartment', 'SWITZERLAND', 'CANADA', 'NEW JERSEY']",8.7
S07E06,0.071,0.0439,0.0818,0.1092,96,84,51,70,"['The Improv', 'Jerry’s Apartment', 'Monk’s Café', '2310 Broadway', 'Elaine’s Apartment', 'EUROPE']",9.6
S07E07,0.0441,0.0734,0.0431,0.0158,76,40,28,65,"['The Improv', 'Jerry’s Apartment', 'Monk’s Café', 'George’s Apartment', 'TEXAS', 'Yankee Stadium', '323 Fifth Ave', 'CHINA', 'SPAIN', 'Elaine’s Apartment', 'Brooklyn', 'Brooklyn']",8.5
S07E08,0.0216,0.0863,0.0165,0.0228,106,58,52,60,"['The Improv', 'Jerry’s Apartment', 'Monk’s Café', '2310 Broadway', 'George’s Apartment', 'Elaine’s Apartment', 'Kramer’s Apartment', 'CALIFORNIA', 'Queens', 'NEW YORK', 'Monk’s Café', 'UNITED KINGDOM', 'France', 'FRANCE']",8.5
S07E09,0.048,0.073,0.0368,-0.0238,70,46,22,72,"['The Improv', 'Jerry’s Apartment', 'Monk’s Café', '75 W. 68th St', 'Kramer’s Apartment', 'Elaine’s Apartment', 'George’s Apartment']",8.4
S07E10,0.0654,0.0119,0.1673,0.0291,56,31,71,80,"['The Improv', 'Jerry’s Apartment', 'Monk’s Café', 'CHINA', 'Costanza House', 'Central Park']",8.7
S07E11,0.0482,0.0699,0.0933,0.0412,61,32,37,55,"['The Improv', 'Jerry’s Apartment', 'Monk’s Café', 'Queens', 'RUSSIA', 'Costanza House', '237 W. 72nd St', 'FLORIDA', '24 Fifth Ave', 'Central Park', 'Kramer’s Apartment']",9.0
S07E12,0.0339,0.1338,0.0664,0.0246,69,36,57,41,"['The Improv', 'Jerry’s Apartment', 'Monk’s Café', 'Yankee Stadium', 'MARYLAND', 'J. Peterman', 'NEW YORK', 'Yankee Stadium', 'Bronx', '1120 Sixth Ave.', 'Costanza House', 'NEW JERSEY']",8.7
S07E13,0.0803,0.0312,0.0833,0.0786,75,61,62,57,"['The Improv', 'Jerry’s Apartment', 'Monk’s Café', '182 Columbus Ave', 'Elaine’s Apartment', 'Newman’s Apartment', '1000 Tenth Ave']",8.3
S07E14,0.0919,0.0831,0.09300000000000001,0.1242,88,36,36,70,"['The Improv', 'Jerry’s Apartment', 'Monk’s Café', 'Kramer’s Apartment', 'FLORIDA', 'George’s Apartment', 'Elaine’s Apartment', 'Pines Of Mar Gables', 'UNITED KINGDOM', 'France', 'FRANCE', 'FLORIDA', 'PENNSYLVANIA', 'Central Park', 'FLORIDA']",8.6
S07E15,0.11900000000000001,0.051,0.1866,0.1001,27,64,4,44,"['Florida', 'The Improv', 'Jerry’s Apartment', 'Monk’s Café', 'AFRICA', 'Kramer’s Apartment', 'Del Boca Vista', 'Pines Of Mar Gables', 'Newman’s Apartment', 'J. Peterman', 'CHINA', 'Costanza House', 'Del Boca Vista', 'CHINA', '30 Rockefeller Pl']",8.6
S07E16,-0.0238,0.0553,-0.0145,0.0663,75,55,25,36,"['Florida', 'The Improv', 'Jerry’s Apartment', 'Monk’s Café', 'AFRICA', 'Kramer’s Apartment', 'Del Boca Vista', 'Pines Of Mar Gables', 'Newman’s Apartment', 'J. Peterman', 'CHINA', 'Costanza House', 'Del Boca Vista', 'CHINA', '30 Rockefeller Pl']",8.6
S07E17,0.0363,0.0394,0.157,0.0636,75,44,33,39,"['The Improv', 'Jerry’s Apartment', 'Monk’s Café', 'Tuscany', 'TENNESSEE', 'TENNESSEE', 'FLORIDA', 'Costanza House', 'ITALY', 'TENNESSEE', 'NEW JERSEY', 'George’s Apartment', 'Queens']",8.3
S07E18,0.042,0.0433,0.062,0.0946,137,33,45,78,"['The Improv', 'Jerry’s Apartment', 'Monk’s Café', 'Kramer’s Apartment', 'Long Island', 'ITALY', 'J. Peterman', 'CALIFORNIA', 'George’s Apartment', '1120 Sixth Ave.', 'ITALY']",7.9
S07E19,0.003,0.0796,0.0779,0.0407,73,68,53,38,"['The Improv', 'Jerry’s Apartment', 'Monk’s Café', 'George’s Apartment', 'Kramer’s Apartment', 'ITALY', 'UNITED KINGDOM', 'Newman’s Apartment', 'Elaine’s Apartment', '2310 Broadway']",8.2
S07E20,-0.0167,-0.0163,0.0754,0.0359,71,54,40,48,"['The Improv', 'Jerry’s Apartment', 'Monk’s Café', 'Yankee Stadium', '2310 Broadway', 'CANADA', 'JAPAN', 'Elaine’s Apartment', 'Cuba', 'CUBA', 'NETHERLANDS', 'Newman’s Apartment', 'Kramer’s Apartment', 'Bronx']",8.9
S07E21,0.0177,0.078,0.0399,0.0634,65,32,26,46,"['Michigan', 'The Improv', 'Jerry’s Apartment', 'Michigan', 'Monk’s Café', 'Yankee Stadium', 'J. Peterman', 'Queens', 'VERMONT', 'CONNECTICUT', 'MASSACHUSETTS', 'NEW YORK', 'MICHIGAN', 'MARYLAND', 'CUBA', 'Elaine’s Apartment', 'Newman’s Apartment', 'Michigan', 'Kramer’s Apartment', 'Michigan', 'MICHIGAN', 'OHIO', 'OHIO', 'Michigan', 'TENNESSEE', '525 E. 68th St']",8.8
S07E22,0.0801,0.0357,0.0347,0.059000000000000004,51,34,47,19,"['Michigan', 'The Improv', 'Jerry’s Apartment', 'Michigan', 'Monk’s Café', 'Yankee Stadium', 'J. Peterman', 'Queens', 'VERMONT', 'CONNECTICUT', 'MASSACHUSETTS', 'NEW YORK', 'MICHIGAN', 'MARYLAND', 'CUBA', 'Elaine’s Apartment', 'Newman’s Apartment', 'Michigan', 'Kramer’s Apartment', 'Michigan', 'MICHIGAN', 'OHIO', 'OHIO', 'Michigan', 'TENNESSEE', '525 E. 68th St']",8.8
S07E23,0.0185,0.0663,0.0508,0.1343,81,56,41,39,"['The Improv', 'Jerry’s Apartment', 'Monk’s Café', 'SWEDEN', 'NEW YORK', '1125 Park Ave', 'The Chicken Roaster', 'George’s Apartment']",8.4
S07E24,0.0401,0.0584,0.016,0.0635,84,20,59,77,"['The Improv', 'Jerry’s Apartment', 'Monk’s Café', 'NEW JERSEY', 'CHINA', 'China', 'NEW YORK', 'Yankee Stadium', 'ILLINOIS', 'George’s Apartment', 'Central Park', 'CALIFORNIA']",8.8
S08E01,0.0168,-0.0025,0.002,0.0694,92,52,37,65,"['The Improv', 'Jerry’s Apartment', 'J. Peterman', 'Monk’s Café', 'CALIFORNIA', 'MARYLAND', 'Queens', 'Mexico', 'MEXICO', 'J. Peterman', 'AFRICA', 'The Chicken Roaster', 'George’s Apartment', 'Del Boca Vista', 'Long Island']",8.3
S08E02,0.0606,0.1006,0.0817,0.0042,69,40,47,47,"['The Improv', 'Jerry’s Apartment', 'Monk’s Café', 'Elaine’s Apartment', 'Long Island', 'Long Island', 'The Hamptons', 'Newman’s Apartment']",8.1
S08E03,0.046,0.0833,0.0385,0.1046,89,50,38,41,"['The Improv', 'Jerry’s Apartment', 'Monk’s Café', 'NEW YORK', 'GREECE', 'George’s Apartment', 'FRANCE', 'Jerry’s Apartment']",9.2
S08E04,-0.0415,0.0578,0.0231,0.0427,95,57,61,48,"['The Improv', 'Jerry’s Apartment', 'Monk’s Café', 'Greenwich Village', 'J. Peterman', 'Central Park', 'HAWAII', 'Yankee Stadium', 'FRANCE']",9.0
S08E05,0.0149,0.0518,0.0516,0.0841,74,53,44,55,"['The Improv', 'Monk’s Café', 'Jerry’s Apartment', 'Central Park', 'UNITED KINGDOM', 'GERMANY', 'Kramer’s Apartment', 'Elaine’s Apartment', 'NETHERLANDS']",8.7
S08E06,0.0158,0.0854,0.0283,-0.0384,76,35,31,34,"['The Improv', 'Jerry’s Apartment', 'Monk’s Café', 'J. Peterman', 'FLORIDA', 'Yankee Stadium', 'Costanza House', 'SOUTH KOREA', 'TEXAS', 'Kramer’s Apartment', 'ARIZONA']",8.2
S08E07,0.0476,0.0734,0.1499,0.0717,104,57,52,44,"['Japanese', 'The Improv', 'Jerry’s Apartment', 'Japanese', 'Monk’s Café', 'Japanese', 'Kramer’s Apartment', 'Japanese', 'JAPAN', 'George’s Apartment', 'Japanese', '30 Rockefeller Pl', 'Japanese', 'Japanese', 'Japanese', 'JAPAN', 'Yankee Stadium', 'Japanese']",8.2
S08E08,0.0183,0.0657,0.0313,0.0369,80,52,46,51,"['The Improv', 'Jerry’s Apartment', 'Monk’s Café', 'Queens', 'JAPAN', 'Kramer’s Apartment', 'Elaine’s Apartment', 'J. Peterman', '1125 Park Ave', 'RUSSIA', 'Central Park', 'MASSACHUSETTS', 'J. Peterman']",9.1
S08E09,0.0418,0.055,0.04,0.0805,85,39,36,59,"['The Improv', 'Jerry’s Apartment', 'Monk’s Café', 'SOUTH AMERICA', 'George’s Apartment', 'OHIO', 'Brooklyn', 'Bronx', 'Kramer’s Apartment', 'Elaine’s Apartment', 'Kramer’s Apartment', 'Yankee Stadium', 'Monk’s Café', '1120 Sixth Ave.', 'GREECE', 'MEXICO']",9.1
S08E10,0.0062,0.0966,-0.0312,0.0167,83,33,33,46,"['The Improv', 'Jerry’s Apartment', 'Monk’s Café', 'Newman’s Apartment', 'MASSACHUSETTS', 'HAWAII', 'Central Park']",8.5
S08E11,0.0111,0.0387,0.0923,0.0768,95,39,52,53,"['The Improv', 'Jerry’s Apartment', 'Monk’s Café', 'Bronx', 'NEW YORK', 'Kramer’s Apartment', 'Queens', 'Elaine’s Apartment', 'Del Boca Vista', 'MEXICO', 'George’s Apartment', 'NEW YORK']",8.5
S08E12,0.0662,0.0981,0.0999,0.0182,60,52,50,57,"['Florida', 'J. Peterman', 'The Improv', 'Jerry’s Apartment', 'Florida', 'Monk’s Café', 'J. Peterman', 'Kramer’s Apartment', '1000 Third Ave', 'Brooklyn', 'J. Peterman', 'NEW JERSEY', 'Costanza House', 'Pines Of Mar Gables', 'FLORIDA', 'FLORIDA', 'NEW JERSEY', 'GERMANY', 'FLORIDA', 'Del Boca Vista', '237 W. 72nd St']",7.8
S08E13,0.0453,-0.0091,0.0822,0.0617,61,64,46,35,"['The Improv', 'Jerry’s Apartment', 'Monk’s Café', 'Yankee Stadium', '24 E. 13th St', 'Kramer’s Apartment', '1120 Sixth Ave.', 'Elaine’s Apartment', 'CANADA', 'J. Peterman', 'OHIO', 'OHIO', '1000 Tenth Ave', 'Queens']",8.7
S08E14,0.0726,0.0531,0.05,0.071,51,42,49,54,"['The Improv', 'Jerry’s Apartment', 'Monk’s Café', 'ITALY', 'J. Peterman', 'VERMONT', '1000 Third Ave', 'Queens', 'Newman’s Apartment', 'FRANCE', 'NEVADA']",8.2
S08E15,0.0012,0.0376,0.026000000000000002,0.0706,70,55,59,54,"['The Improv', 'Jerry’s Apartment', 'Monk’s Café', 'JAPAN', 'J. Peterman', 'George’s Apartment', 'Costanza House', '4 Pennsylvania Pl']",8.7
S08E16,0.0592,0.0473,0.134,0.0282,91,62,42,34,"['The Improv', 'Jerry’s Apartment', 'Monk’s Café', 'Elaine’s Apartment', 'Mexico', 'Mexico', 'MEXICO', 'Mexico']",8.8
S08E17,0.0419,-0.0172,0.0315,0.0607,103,41,45,42,"['Cubans', 'Florida', 'The Improv', 'Jerry’s Apartment', 'Cubans', 'Del Boca Vista', 'Monk’s Café', 'Del Boca Vista', '2310 Broadway', 'CUBA', 'George’s Apartment', 'Cubans', 'Cubans', 'Cubans', 'J. Peterman', '525 E. 68th St', 'Cubans', 'Cubans', 'UNITED KINGDOM']",8.6
S08E18,0.0196,0.0568,-0.0173,0.026000000000000002,58,54,39,44,"['The Improv', 'Jerry’s Apartment', 'Monk’s Café', 'Yankee Stadium', 'Central Park', 'Elaine’s Apartment', 'Brooklyn', 'Queens', 'Brooklyn']",8.9
S08E19,0.0608,0.054000000000000006,0.0561,0.0497,80,36,39,32,"['The Improv', 'Jerry’s Apartment', 'Monk’s Café', '2373 Broadway', 'Kramer’s Apartment', '1000 Third Ave', 'WASHINGTON', 'NEW JERSEY']",9.0
S08E20,0.0519,-0.0125,0.0821,-0.0231,90,30,55,37,"['The Improv', 'Jerry’s Apartment', 'Monk’s Café', 'Yankee Stadium', 'Newman’s Apartment', '1535 Broadway', 'Kramer’s Apartment']",8.3
S08E21,0.032,0.051,0.0415,0.0675,56,38,62,40,"['The Improv', 'Jerry’s Apartment', 'Monk’s Café', 'Queens', 'Central Park', 'The Improv', 'George’s Apartment', 'Yankee Stadium']",8.6
S08E22,0.0467,-0.0037,0.0483,0.0346,100,35,49,59,"['The Improv', 'Jerry’s Apartment', 'Monk’s Café', 'J. Peterman', 'NEW YORK', 'George’s Apartment', 'Central Park', 'Elaine’s Apartment', '525 E. 68th St']",8.7
S09E01,-0.021,0.0042,0.0598,0.0779,89,30,45,64,"['The Improv', 'Jerry’s Apartment', 'Monk’s Café', 'NETHERLANDS', 'NORWAY', 'ITALY', '2373 Broadway', 'Elaine’s Apartment', 'NORWAY', 'Kramer’s Apartment', 'Queens', 'Elaine’s Apartment']",8.6
S09E02,0.0571,0.0349,0.0446,0.083,117,52,54,54,"['The Improv', 'Jerry’s Apartment', 'Monk’s Café', 'The Butter Shave', 'Kramer’s Apartment', 'GERMANY', 'Elaine’s Apartment', 'CALIFORNIA', 'NETHERLANDS', 'The Butter Shave', 'The Butter Shave']",8.5
S09E03,0.0493,0.0949,0.0627,0.0668,77,52,36,58,"['The Improv', 'Jerry’s Apartment', 'Monk’s Café', 'Costanza House', 'Jerry’s Apartment', '4 Pennsylvania Pl', 'Bronx', 'Kramer’s Apartment', 'Queens']",9.0
S09E04,0.0064,0.0274,0.0474,0.1072,89,42,53,44,"['The Improv', 'Jerry’s Apartment', 'Monk’s Café', 'Del Boca Vista', 'Brooklyn', 'Kramer’s Apartment', 'Newman’s Apartment', 'CANADA', 'PENNSYLVANIA', 'UNITED KINGDOM', '30 Rockefeller Pl', 'Brooklyn', 'Jerry’s Apartment']",8.3
S09E05,0.0379,0.1242,0.0596,0.0093,77,23,59,57,"['The Improv', 'Jerry’s Apartment', 'Monk’s Café', 'George’s Apartment', 'Costanza House', 'Kramer’s Apartment', 'NEW JERSEY', 'Central Park']",8.1
S09E06,0.0579,0.0402,0.0846,0.0556,68,47,58,49,"['The Improv', 'Jerry’s Apartment', 'Monk’s Café', 'J. Peterman', 'Kramer’s Apartment', 'Central Park', 'TEXAS', 'MICHIGAN', 'George’s Apartment']",9.1
S09E07,0.001,-0.01,0.0666,0.0146,81,61,81,75,"['The Improv', 'Jerry’s Apartment', 'Monk’s Café', 'Elaine’s Apartment', '101 Park Ave', 'Liberty Island', 'FRANCE', 'J. Peterman']",8.5
S09E08,0.0452,0.0139,0.0899,0.0727,100,79,51,67,"['The Improv', 'Jerry’s Apartment', 'Monk’s Café', 'Central Park', 'Newman’s Apartment', 'Kramer’s Apartment', 'Elaine’s Apartment']",9.0
S09E09,0.0218,0.0505,0.1085,0.0689,67,45,41,62,"['The Improv', 'Jerry’s Apartment', 'Monk’s Café', 'Kramer’s Apartment', 'CALIFORNIA', 'J. Peterman', '5 W. 63rd St', 'Elaine’s Apartment', 'Jerry’s Apartment']",8.4
S09E10,0.0555,0.0054,0.0884,0.0541,71,54,51,66,"['The Improv', 'Jerry’s Apartment', 'Monk’s Café', 'Yankee Stadium', '101 Park Ave', 'Brooklyn', 'Long Island', '75 W. 68th St', 'Queens', 'Costanza House', 'NEW YORK']",8.8
S09E11,0.0193,0.0494,0.0428,-0.0201,71,40,37,76,"['The Improv', 'Jerry’s Apartment', 'Monk’s Café', 'Elaine’s Apartment', 'NEW YORK']",8.6
S09E12,0.0363,0.1103,0.1078,0.0638,84,57,58,45,"['The Improv', 'Jerry’s Apartment', 'Monk’s Café', 'Kramer’s Apartment', 'Newman’s Apartment', '1000 Third Ave', 'FLORIDA', 'George’s Apartment', 'WASHINGTON', 'Elaine’s Apartment']",8.4
S09E13,-0.0032,0.1492,0.1067,0.0764,89,52,32,47,"['The Improv', 'Jerry’s Apartment', 'Monk’s Café', 'J. Peterman']",8.0
S09E14,-0.0038,0.0408,0.0524,0.0023,102,68,40,60,"['The Improv', 'Jerry’s Apartment', 'Monk’s Café', 'Newman’s Apartment', 'George’s Apartment', 'NEW YORK']",8.1
S09E15,0.0397,0.0485,0.1257,0.0067,65,65,38,58,"['Florida', 'The Hamptons', 'The Improv', 'Jerry’s Apartment', 'The Hamptons', 'Monk’s Café', 'The Hamptons', 'CHINA', '24 Fifth Ave', 'The Hamptons', 'Long Island', 'CALIFORNIA', 'Del Boca Vista', 'CALIFORNIA', 'Pines Of Mar Gables', 'FLORIDA', '2373 Broadway', 'Elaine’s Apartment', 'Long Island']",8.1
S09E16,0.0051,0.0521,0.1198,0.0136,67,44,30,56,"['The Improv', 'Jerry’s Apartment', 'Monk’s Café', '101 Park Ave', 'NEVADA', 'Elaine’s Apartment']",8.5
S09E17,-0.0238,0.0452,0.0765,0.0269,76,36,37,36,"['The Improv', 'Jerry’s Apartment', 'Monk’s Café', 'CHINA', 'CHINA', 'FRANCE', 'CHINA', 'J. Peterman', 'Del Boca Vista', 'Elaine’s Apartment', 'CALIFORNIA']",8.4
S09E18,0.0735,0.0203,-0.0066,0.0633,72,41,33,54,"['The Improv', 'Jerry’s Apartment', 'Monk’s Café', 'J. Peterman', 'PENNSYLVANIA', 'UNITED KINGDOM']",8.9
S09E19,0.0514,-0.0172,0.0174,-0.0117,105,58,56,45,"['The Improv', 'Jerry’s Apartment', 'Monk’s Café', '2373 Broadway', 'Kramer’s Apartment', 'Kramer’s Apartment', 'Elaine’s Apartment', '101 Park Ave', 'NEW JERSEY']",8.2
S09E20,0.0089,0.0344,0.0518,0.0099,75,48,57,49,"['The Improv', 'Monk’s Café', 'Jerry’s Apartment', 'Queens', 'MASSACHUSETTS', 'SWEDEN']",8.1
S09E23,0.054000000000000006,0.053,0.0972,0.0122,151,75,38,126,"['The Improv', 'Jerry’s Apartment', 'California', 'Massachusetts', 'Monk’s Café', 'California', '30 Rockefeller Pl', 'George’s Apartment', 'California', 'Elaine’s Apartment', 'CALIFORNIA', 'Del Boca Vista', 'Costanza House', 'California', 'JAPAN', 'SWEDEN', 'RUSSIA', 'SWITZERLAND', 'FRANCE', 'CALIFORNIA', 'MASSACHUSETTS', 'CALIFORNIA', 'Massachusetts', 'MASSACHUSETTS', 'FRANCE', '1120 Sixth Ave.', 'MASSACHUSETTS', 'NEW JERSEY', 'MASSACHUSETTS', 'SOUTH KOREA', 'Newman’s Apartment', 'Massachusetts', 'Massachusetts', 'J. Peterman', 'Massachusetts', 'Massachusetts', 'Massachusetts', 'Massachusetts', '24 Fifth Ave', 'Massachusetts', 'Massachusetts', 'Massachusetts', 'Yankee Stadium', 'Massachusetts', 'MASSACHUSETTS', '237 W. 72nd St', 'NEW JERSEY', 'Massachusetts', 'MASSACHUSETTS']",7.6
